a.1b7ddce1.jpg,a
d.42189014.jpg,d
z.0b5d3c7b.jpg,z
n.30d8972c.jpg,n
i.28771518.jpg,i
a.954f17b7.jpg,a
i.0630f8f2.jpg,i
s.621d1681.jpg,s
r.0ce020c6.jpg,r
n.1e812035.jpg,n
w.30989f4b.jpg,w
g.becb0b03.jpg,g
a.07f8aabd.jpg,a
t.d367af68.jpg,t
e.ba7df89e.jpg,e
h.c29e78c7.jpg,h
t.9da6b50a.jpg,t
h.1fb0862f.jpg,h
i.583ab6f1.jpg,i
i.3343096d.jpg,i
f.a701ecf1.jpg,f
l.7986a78c.jpg,l
k.aa350331.jpg,k
g.4722b37f.jpg,g
h.3aecb12e.jpg,h
t.f0e6a843.jpg,t
n.bce9ba1b.jpg,n
i.aa1c9bf0.jpg,i
c.a32ff70e.jpg,c
g.af95626f.jpg,g
t.6286e4d0.jpg,t
c.16640fb5.jpg,c
unknown.5b1921e2.jpg,unknown
i.5e4b843f.jpg,i
a.7f5da740.jpg,a
a.eadf031b.jpg,a
n.4f873cbf.jpg,n
i.20179458.jpg,i
unknown.a84ea3e3.jpg,unknown
s.6ecde246.jpg,s
a.b6f3d144.jpg,a
a.69b33f98.jpg,a
n.e3288953.jpg,n
r.a1b828ef.jpg,r
j.b05c1bcd.jpg,j
a.95df61b9.jpg,a
d.bd29fb1a.jpg,d
o.b3e4de6c.jpg,o
c.d22daf3e.jpg,c
i.1f11dff4.jpg,i
w.3b4b2ff8.jpg,w
v.81fafa78.jpg,v
o.601fbc7d.jpg,o
t.792fb30a.jpg,t
k.f32211b7.jpg,k
e.0e299852.jpg,e
p.72b63577.jpg,p
e.29dafd00.jpg,e
a.a16c99ce.jpg,a
n.226957eb.jpg,n
t.84dc3638.jpg,t
e.4c7da3e4.jpg,e
d.e66d32ae.jpg,d
d.c553c36a.jpg,d
h.0f0c5e9a.jpg,h
unknown.27387855.jpg,unknown
t.55428879.jpg,t
g.078e24ca.jpg,g
n.f2368791.jpg,n
w.5189ba09.jpg,w
i.ec866b37.jpg,i
i.fad010d5.jpg,i
z.50d7d945.jpg,z
x.b65d048c.jpg,x
o.aea722e1.jpg,o
b.28804cf0.jpg,b
h.74e1b6cd.jpg,h
d.2975128f.jpg,d
z.8b319bd7.jpg,z
o.b8ebd16b.jpg,o
e.fa8f7d17.jpg,e
v.a7ede2e6.jpg,v
n.bd35b996.jpg,n
unknown.109f3578.jpg,unknown
c.82d081d0.jpg,c
k.cbf66ac9.jpg,k
z.16380302.jpg,z
v.953f18ed.jpg,v
r.649cb428.jpg,r
n.e6b8886a.jpg,n
n.92ac0822.jpg,n
e.afa7688a.jpg,e
r.38386070.jpg,r
o.2accd04b.jpg,o
s.4480a87c.jpg,s
c.560f07ce.jpg,c
s.4a1df5e3.jpg,s
m.61101146.jpg,m
s.fda6341a.jpg,s
e.5858fc41.jpg,e
f.cb0d4a86.jpg,f
r.61749751.jpg,r
r.b7163fb8.jpg,r
a.f4b0e6f5.jpg,a
t.982f47be.jpg,t
o.30bc5a06.jpg,o
o.c8676a71.jpg,o
t.9f3f5b14.jpg,t
k.33ce1304.jpg,k
h.0fe1a66e.jpg,h
unknown.3a454d0a.jpg,unknown
i.f61f2652.jpg,i
t.27e9cc88.jpg,t
t.ca2585fb.jpg,t
d.66d01e0f.jpg,d
e.8b70b7dc.jpg,e
o.1e251e2c.jpg,o
t.b10305af.jpg,t
v.42cd2654.jpg,v
e.6f184cb4.jpg,e
e.2718602d.jpg,e
e.95eb8a9b.jpg,e
a.2cd7e500.jpg,a
t.01d66cb6.jpg,t
s.07be72e1.jpg,s
unknown.a8207392.jpg,unknown
n.c64e2a3d.jpg,n
h.e7165abd.jpg,h
b.8753ca6c.jpg,b
r.ba41d91f.jpg,r
r.3163fe0e.jpg,r
x.9c606694.jpg,x
unknown.a1b66812.jpg,unknown
g.21d75db9.jpg,g
d.0fb2415a.jpg,d
unknown.71274d22.jpg,unknown
g.eee6f6dd.jpg,g
e.555a3a4b.jpg,e
w.7a8fee8e.jpg,w
i.039d63c6.jpg,i
unknown.c29f33b4.jpg,unknown
z.32c9033f.jpg,z
m.d644804b.jpg,m
i.3fba9b28.jpg,i
r.18d2b417.jpg,r
a.ddbd545e.jpg,a
n.5d8a8fd5.jpg,n
y.57ad5215.jpg,y
a.e723df29.jpg,a
t.ed8dcbc7.jpg,t
d.fd256a77.jpg,d
s.f0b6559d.jpg,s
p.61896176.jpg,p
k.b9f3f9a6.jpg,k
m.36bc0157.jpg,m
r.ed91b5d5.jpg,r
g.83367aa0.jpg,g
o.75fce44a.jpg,o
k.12ee2abe.jpg,k
y.f6a86df9.jpg,y
f.c3a78fe4.jpg,f
a.9a7eac9c.jpg,a
r.e535e66f.jpg,r
k.be8a3a78.jpg,k
unknown.31f9cb36.jpg,unknown
o.12edc6fb.jpg,o
s.94704570.jpg,s
b.d9da4670.jpg,b
r.cf5ee691.jpg,r
l.0dd1ce16.jpg,l
a.7091f12b.jpg,a
z.cd8d8de0.jpg,z
a.cc4c6fa6.jpg,a
g.f8cf7ad7.jpg,g
o.46960c98.jpg,o
j.e5b390a6.jpg,j
n.61c767a5.jpg,n
n.c7340ba6.jpg,n
e.a0f4c7b8.jpg,e
g.a175b497.jpg,g
l.e5ac0c34.jpg,l
k.9593aac1.jpg,k
c.d81cb4dc.jpg,c
i.71ffb0fe.jpg,i
k.df3d2b1a.jpg,k
b.4545be16.jpg,b
n.71efec99.jpg,n
o.e2a798a9.jpg,o
r.af00bbe2.jpg,r
w.3cf53fdf.jpg,w
unknown.5b91256c.jpg,unknown
e.8731740b.jpg,e
m.cba5873e.jpg,m
w.2db14d62.jpg,w
n.0f9decdb.jpg,n
r.906dc09c.jpg,r
l.651cad13.jpg,l
s.c8fa7f5b.jpg,s
d.8e45c333.jpg,d
r.06446c1e.jpg,r
a.4ad04a38.jpg,a
a.8c81df8a.jpg,a
g.9350cb7f.jpg,g
j.300f55f4.jpg,j
g.fe6f7ae0.jpg,g
o.e8cd6305.jpg,o
o.14ce7b5c.jpg,o
i.332c4c9a.jpg,i
i.32437aa8.jpg,i
w.c6dcf003.jpg,w
a.8e8efeb3.jpg,a
z.5f6a8ab8.jpg,z
b.7545cd79.jpg,b
a.9aa322c6.jpg,a
r.2470447c.jpg,r
unknown.1b7ae17d.jpg,unknown
unknown.e299a492.jpg,unknown
unknown.7c90476b.jpg,unknown
unknown.2a2ec5ac.jpg,unknown
unknown.117cf7c0.jpg,unknown
unknown.97250292.jpg,unknown
unknown.b970f500.jpg,unknown
unknown.555c29e8.jpg,unknown
unknown.6537eb6d.jpg,unknown
unknown.cb99a0f7.jpg,unknown
unknown.33eb1dfe.jpg,unknown
unknown.9d6eda36.jpg,unknown
unknown.79a68871.jpg,unknown
unknown.e798a7af.jpg,unknown
unknown.c7ca3350.jpg,unknown
unknown.c7418c3e.jpg,unknown
unknown.37b56318.jpg,unknown
unknown.e9b63e49.jpg,unknown
unknown.e968ceeb.jpg,unknown
x.7d5db955.jpg,x
z.bb8aa7ac.jpg,z
q.158a0bdc.jpg,q
t.23745d15.jpg,t
k.a7c1c1c6.jpg,k
h.0b84e339.jpg,h
s.aa343081.jpg,s
a.35cdd3fa.jpg,a
i.cea3e3bb.jpg,i
h.240c4da7.jpg,h
i.2753d95a.jpg,i
w.064bc4f8.jpg,w
l.62569db1.jpg,l
t.4c7f78b0.jpg,t
n.6540636f.jpg,n
t.18e5f478.jpg,t
e.9054eb78.jpg,e
y.17366339.jpg,y
d.b9bba5c1.jpg,d
a.fead512f.jpg,a
e.0b833660.jpg,e
e.369124cb.jpg,e
e.fdcf08b9.jpg,e
e.3dac0a1c.jpg,e
e.fe3e8dbd.jpg,e
v.12c9a6f1.jpg,v
t.2b9ce9e4.jpg,t
s.01cc8b38.jpg,s
r.b30f145d.jpg,r
s.73f7a205.jpg,s
g.907d40a1.jpg,g
n.9784fe55.jpg,n
o.a679e95f.jpg,o
w.53c0d28c.jpg,w
e.e37fe650.jpg,e
h.c4610b38.jpg,h
s.53d838d9.jpg,s
x.971c2c1a.jpg,x
unknown.042c1ffc.jpg,unknown
e.a0ebfe74.jpg,e
unknown.1f20a624.jpg,unknown
unknown.74048d80.jpg,unknown
unknown.a2a338a6.jpg,unknown
unknown.350f56dd.jpg,unknown
unknown.c040e280.jpg,unknown
unknown.3ca24b14.jpg,unknown
p.7cb58846.jpg,p
unknown.df9f18ff.jpg,unknown
k.a0f94a19.jpg,k
unknown.85a83839.jpg,unknown
unknown.a4939437.jpg,unknown
unknown.305ca600.jpg,unknown
h.86aa361e.jpg,h
unknown.c2af124f.jpg,unknown
a.3020836e.jpg,a
s.fb63a436.jpg,s
unknown.6eff35ff.jpg,unknown
unknown.c807af87.jpg,unknown
unknown.7aee63f7.jpg,unknown
z.6a464dc1.jpg,z
unknown.b473f413.jpg,unknown
i.239e744a.jpg,i
unknown.b0f176ca.jpg,unknown
unknown.a7507a4f.jpg,unknown
unknown.982a49b3.jpg,unknown
k.49949ee2.jpg,k
unknown.9c01189d.jpg,unknown
o.90b80e17.jpg,o
unknown.0901f511.jpg,unknown
unknown.89ab5d4b.jpg,unknown
unknown.9083247f.jpg,unknown
unknown.ebb659bd.jpg,unknown
r.d1228e39.jpg,r
g.7ff34a72.jpg,g
unknown.a8d4d8bc.jpg,unknown
f.9dba46fe.jpg,f
unknown.83f58f37.jpg,unknown
unknown.4caa4f4c.jpg,unknown
unknown.f9ad97ef.jpg,unknown
unknown.c986fad2.jpg,unknown
unknown.2b6d5965.jpg,unknown
unknown.56a7c0ae.jpg,unknown
h.8ead369e.jpg,h
w.173522e4.jpg,w
unknown.150c84b6.jpg,unknown
unknown.0e96df11.jpg,unknown
n.245be46c.jpg,n
unknown.22bcbb89.jpg,unknown
unknown.bb2ffdf3.jpg,unknown
unknown.eb95eeb9.jpg,unknown
unknown.f4cc7b29.jpg,unknown
unknown.6f3f3490.jpg,unknown
v.62f18446.jpg,v
unknown.7ee51aae.jpg,unknown
e.fdd9ec08.jpg,e
a.10623e51.jpg,a
g.76e6adb1.jpg,g
n.d4bc49ab.jpg,n
m.49efaa34.jpg,m
l.e109c83a.jpg,l
a.f7349c6c.jpg,a
o.7a0d7b76.jpg,o
t.176dffff.jpg,t
g.d4768949.jpg,g
m.15cbd9e8.jpg,m
n.8ce5ab2b.jpg,n
e.40b26ed7.jpg,e
n.536429cd.jpg,n
o.52ed5e3a.jpg,o
l.558af8b1.jpg,l
e.149687f6.jpg,e
d.c1dc0d0c.jpg,d
i.7eb3b3f6.jpg,i
o.f3b2a4bc.jpg,o
d.0538bec9.jpg,d
a.5ccec546.jpg,a
o.cb8b778f.jpg,o
z.7904f402.jpg,z
d.a5bf28f4.jpg,d
a.1f32e953.jpg,a
l.c0e42593.jpg,l
r.0a8c4e0e.jpg,r
e.37e75b35.jpg,e
unknown.6db19eb9.jpg,unknown
unknown.cd78b655.jpg,unknown
o.f3dadd67.jpg,o
i.1b8e692e.jpg,i
f.2486c828.jpg,f
a.6c269d9a.jpg,a
n.270b9577.jpg,n
i.ba38e2a7.jpg,i
r.1c7cf137.jpg,r
s.5444da04.jpg,s
d.f9fa338e.jpg,d
e.126ac00b.jpg,e
a.968ecfe1.jpg,a
l.c51bdd7f.jpg,l
e.19a9a0ac.jpg,e
g.bf7d87b4.jpg,g
h.cd85a59d.jpg,h
i.dcbd2211.jpg,i
n.fce7be3d.jpg,n
t.76de0ffd.jpg,t
c.d27026b4.jpg,c
e.faa8ea07.jpg,e
f.920a748c.jpg,f
t.bb5bb595.jpg,t
unknown.c5da74e5.jpg,unknown
k.0d98889b.jpg,k
m.300518a9.jpg,m
i.efc955ae.jpg,i
k.c77d5ff5.jpg,k
y.e2ec615e.jpg,y
x.c2b77685.jpg,x
l.e7c535b7.jpg,l
i.63af541b.jpg,i
s.c8605736.jpg,s
q.16bf1a25.jpg,q
z.c38b2bbb.jpg,z
e.bf62917d.jpg,e
c.c3bce685.jpg,c
z.250302ad.jpg,z
d.b36adf64.jpg,d
e.a0c8ffdf.jpg,e
r.b987d687.jpg,r
i.3a6c7d59.jpg,i
unknown.30ff231a.jpg,unknown
unknown.9bb2ae01.jpg,unknown
v.b8e673b4.jpg,v
e.95a82f2a.jpg,e
h.c43f41c9.jpg,h
i.2dfd5f9c.jpg,i
t.ede0e918.jpg,t
f.098511c6.jpg,f
e.8a47ae41.jpg,e
g.f8958a67.jpg,g
k.755a7eb8.jpg,k
n.5e92d7fd.jpg,n
r.e6c58d57.jpg,r
o.97c134b9.jpg,o
a.93167c36.jpg,a
r.9a0d7213.jpg,r
f.09a0aeea.jpg,f
v.8688646e.jpg,v
d.e02a607e.jpg,d
o.dcfedb2e.jpg,o
a.14878549.jpg,a
l.50d22938.jpg,l
e.29e512fb.jpg,e
d.43fc09c8.jpg,d
e.17d8f47c.jpg,e
t.35bfffcb.jpg,t
e.1a205021.jpg,e
unknown.800f560d.jpg,unknown
d.ee9cd791.jpg,d
unknown.9f90a6d9.jpg,unknown
i.f7b14ad4.jpg,i
n.2170ead2.jpg,n
s.d51af515.jpg,s
b.2caf9ab8.jpg,b
unknown.dacfb0c8.jpg,unknown
unknown.4f9adaca.jpg,unknown
e.30582d61.jpg,e
r.52a2fdda.jpg,r
m.c7784849.jpg,m
n.11019307.jpg,n
f.c36fb6e4.jpg,f
o.38bc9079.jpg,o
n.32705318.jpg,n
o.b815049b.jpg,o
g.f7c93690.jpg,g
c.d99951e1.jpg,c
l.ffdbc205.jpg,l
o.aa1ce1b0.jpg,o
n.557ce531.jpg,n
k.79b98d3b.jpg,k
a.f891f719.jpg,a
i.f1d814b0.jpg,i
unknown.2012e183.jpg,unknown
unknown.3087a1a1.jpg,unknown
q.db3c5e0d.jpg,q
r.d51025e9.jpg,r
unknown.bf72f785.jpg,unknown
unknown.722ef9ae.jpg,unknown
unknown.ae32304c.jpg,unknown
unknown.5f2aed80.jpg,unknown
unknown.4e0d3e96.jpg,unknown
d.01cad6b8.jpg,d
unknown.1772fd4c.jpg,unknown
o.a4852411.jpg,o
unknown.4af744ce.jpg,unknown
unknown.292da612.jpg,unknown
unknown.5ab5298c.jpg,unknown
unknown.5f5936d5.jpg,unknown
unknown.bb018058.jpg,unknown
h.1812e444.jpg,h
unknown.3be6c8e5.jpg,unknown
unknown.5948171b.jpg,unknown
unknown.9962dbcf.jpg,unknown
o.afe63ad5.jpg,o
unknown.02f8d647.jpg,unknown
unknown.176e6204.jpg,unknown
unknown.48d91b6c.jpg,unknown
unknown.3137ec86.jpg,unknown
e.f0e59b04.jpg,e
unknown.d2054f91.jpg,unknown
unknown.106096ad.jpg,unknown
unknown.1cf813d8.jpg,unknown
unknown.46d5ffc8.jpg,unknown
unknown.21f236cf.jpg,unknown
unknown.4b006d21.jpg,unknown
unknown.5c8250ef.jpg,unknown
unknown.1e64c453.jpg,unknown
a.291ac550.jpg,a
unknown.f7aed72b.jpg,unknown
unknown.9b025f72.jpg,unknown
unknown.ae30a650.jpg,unknown
unknown.c324a496.jpg,unknown
unknown.a5c50bc1.jpg,unknown
unknown.022f5bbf.jpg,unknown
unknown.8f524fa0.jpg,unknown
unknown.8e773cf4.jpg,unknown
unknown.ef755aa1.jpg,unknown
unknown.d52227ef.jpg,unknown
unknown.64463be2.jpg,unknown
unknown.144adfcc.jpg,unknown
j.62df3019.jpg,j
unknown.c80c1c97.jpg,unknown
unknown.229c05b3.jpg,unknown
unknown.9e3b097f.jpg,unknown
unknown.922361c1.jpg,unknown
unknown.29985e84.jpg,unknown
unknown.72e11f45.jpg,unknown
o.d3064393.jpg,o
unknown.bf6f5150.jpg,unknown
unknown.799047f0.jpg,unknown
unknown.8346e260.jpg,unknown
k.d14abbb9.jpg,k
unknown.ae8c3b1d.jpg,unknown
unknown.f9815076.jpg,unknown
unknown.69241fff.jpg,unknown
unknown.1c02785e.jpg,unknown
unknown.26a63864.jpg,unknown
unknown.52858a38.jpg,unknown
unknown.41785ce9.jpg,unknown
unknown.33ddea69.jpg,unknown
unknown.5ea2e429.jpg,unknown
unknown.848784f5.jpg,unknown
unknown.5e839e05.jpg,unknown
unknown.7f435942.jpg,unknown
unknown.9f090a91.jpg,unknown
r.43c15d0e.jpg,r
unknown.624d6d5c.jpg,unknown
unknown.c36ddd15.jpg,unknown
unknown.2c41ce49.jpg,unknown
unknown.fdfcabc2.jpg,unknown
unknown.debb3a8c.jpg,unknown
p.edadcaec.jpg,p
h.878b3fff.jpg,h
w.44292eb5.jpg,w
i.8f16f163.jpg,i
t.93ac0cbe.jpg,t
j.0c6242c0.jpg,j
f.aed8e560.jpg,f
unknown.f5a4a19a.jpg,unknown
a.5b1a989a.jpg,a
e.da04cf97.jpg,e
o.788d755a.jpg,o
o.c5b0927e.jpg,o
p.1168b073.jpg,p
e.21fa8f2c.jpg,e
d.980c375b.jpg,d
r.63a75c51.jpg,r
e.c91ac47c.jpg,e
l.e7bbf714.jpg,l
e.eae8e112.jpg,e
c.73e593cd.jpg,c
a.b167ff83.jpg,a
w.9b443e73.jpg,w
f.bcd7071a.jpg,f
t.b46d65e4.jpg,t
h.35f2db21.jpg,h
n.08654e5d.jpg,n
t.91edd3a4.jpg,t
r.10d74168.jpg,r
unknown.1642b9e7.jpg,unknown
unknown.c99c5b45.jpg,unknown
unknown.2d16c51d.jpg,unknown
t.063c0bae.jpg,t
q.c80e0075.jpg,q
s.8eee5b2f.jpg,s
k.f3498a27.jpg,k
a.305c2b04.jpg,a
h.a47fb935.jpg,h
h.b1fb8438.jpg,h
i.90e42220.jpg,i
l.796e0e5d.jpg,l
i.cb557d61.jpg,i
n.eb00759b.jpg,n
w.a3587d57.jpg,w
t.ac80a283.jpg,t
e.55549397.jpg,e
t.d26724c7.jpg,t
y.f0c0c213.jpg,y
n.d09544b1.jpg,n
s.d6357959.jpg,s
g.fafd474a.jpg,g
o.4e1d31f8.jpg,o
z.a8c35ee5.jpg,z
a.69f6a22d.jpg,a
n.081eed70.jpg,n
g.5397b419.jpg,g
k.80f953ca.jpg,k
g.cb9a7ca9.jpg,g
o.167e6d64.jpg,o
j.3426ec01.jpg,j
l.9ed50f79.jpg,l
r.e4145c1f.jpg,r
o.cd873b3b.jpg,o
e.4101a8a6.jpg,e
d.b219ebae.jpg,d
e.e77a0892.jpg,e
n.8aa92713.jpg,n
d.ba24ca08.jpg,d
p.7eac835f.jpg,p
i.840b34ca.jpg,i
unknown.92202317.jpg,unknown
unknown.f001181e.jpg,unknown
unknown.934b9b8b.jpg,unknown
unknown.60b26329.jpg,unknown
l.3e52bb34.jpg,l
m.b16a0373.jpg,m
i.e340b6dd.jpg,i
e.4615badc.jpg,e
m.93a1c7ca.jpg,m
o.01a1ec69.jpg,o
n.711dd432.jpg,n
g.cb404142.jpg,g
e.a24f27ee.jpg,e
v.987fde6b.jpg,v
n.dd345f1f.jpg,n
a.49f3aeca.jpg,a
g.efce5613.jpg,g
r.27caf140.jpg,r
n.803dc367.jpg,n
unknown.e26e6ee6.jpg,unknown
unknown.cd0e471d.jpg,unknown
i.cfc0b240.jpg,i
unknown.cc1ced9b.jpg,unknown
unknown.d479f1e2.jpg,unknown
r.dba258ea.jpg,r
e.141086b9.jpg,e
a.9a495a4f.jpg,a
a.5e953fe7.jpg,a
s.5164924a.jpg,s
l.1ccdf4b8.jpg,l
d.19110b42.jpg,d
z.0ecc18ff.jpg,z
d.63fbfce0.jpg,d
n.82907e36.jpg,n
z.b48e4476.jpg,z
f.071c90b7.jpg,f
t.24d1c2fd.jpg,t
k.874fb870.jpg,k
e.6fec60f8.jpg,e
i.ebdcc388.jpg,i
o.a8a50f4a.jpg,o
w.13c1d136.jpg,w
z.ddcb0c29.jpg,z
r.ac10ba86.jpg,r
r.6ad2f481.jpg,r
n.681cc592.jpg,n
p.9d6d61bd.jpg,p
f.5f268fd8.jpg,f
k.ea6ad030.jpg,k
d.509e010a.jpg,d
a.ec440f8b.jpg,a
t.a830a201.jpg,t
t.58b5aac3.jpg,t
o.71bf3251.jpg,o
i.1edafcd0.jpg,i
h.c59388e6.jpg,h
n.d03305ba.jpg,n
s.dc3ddf8b.jpg,s
t.5d4026cf.jpg,t
h.03220e30.jpg,h
a.c7b93ead.jpg,a
e.6f046a51.jpg,e
n.04ba7c24.jpg,n
l.130b7258.jpg,l
p.ffa41e3c.jpg,p
p.24e80617.jpg,p
e.75adccec.jpg,e
k.467a4400.jpg,k
a.bb420192.jpg,a
s.ad9fb029.jpg,s
j.31181745.jpg,j
g.b7ae01c0.jpg,g
k.5776cedb.jpg,k
e.1e8f7ef8.jpg,e
l.65c772f0.jpg,l
y.c4acc5b3.jpg,y
v.c5e936cd.jpg,v
e.45ef2eed.jpg,e
l.fa1da1d9.jpg,l
l.a0ccb14e.jpg,l
e.de5ecd14.jpg,e
g.593e69de.jpg,g
i.9b48f25b.jpg,i
i.f10e6796.jpg,i
n.a5fffa9f.jpg,n
x.8ee066da.jpg,x
o.8bb8feab.jpg,o
c.336043dd.jpg,c
z.4b5d5804.jpg,z
e.0b7f3820.jpg,e
r.15f5c13a.jpg,r
i.05bd476e.jpg,i
r.c1205758.jpg,r
f.996dd114.jpg,f
x.3b7a4913.jpg,x
s.16f97db9.jpg,s
o.bd1d655b.jpg,o
m.9fb8c0f0.jpg,m
j.a3966ba6.jpg,j
k.8337ff96.jpg,k
unknown.dbacce8b.jpg,unknown
p.addf0b7b.jpg,p
t.c8cfeff7.jpg,t
o.2cf63d0c.jpg,o
n.66a38f36.jpg,n
t.34752599.jpg,t
i.7f766755.jpg,i
z.e81dc510.jpg,z
h.9b3685ed.jpg,h
s.0781046c.jpg,s
g.f8787ac5.jpg,g
e.d3e98645.jpg,e
o.47ce9a08.jpg,o
n.418d7991.jpg,n
i.ea961544.jpg,i
t.aae42ae2.jpg,t
l.1d52650c.jpg,l
t.2ff81ec0.jpg,t
d.e0cfa654.jpg,d
i.b2ed6c51.jpg,i
o.a3ac807f.jpg,o
z.7fe9f725.jpg,z
a.08100e80.jpg,a
f.23cc4eae.jpg,f
b.9e023337.jpg,b
o.07ed7639.jpg,o
e.41fbcff5.jpg,e
f.90dcae94.jpg,f
n.e6659dd6.jpg,n
f.9dfce998.jpg,f
s.1295ade5.jpg,s
r.9e07890b.jpg,r
m.8b62d8df.jpg,m
n.ddad8c99.jpg,n
f.160b49fd.jpg,f
o.a7b70b1c.jpg,o
e.0970cc63.jpg,e
r.45cf7a8c.jpg,r
unknown.582f1a34.jpg,unknown
d.543e8773.jpg,d
h.dac46289.jpg,h
unknown.3cd7aa5e.jpg,unknown
t.150d4b00.jpg,t
a.382f0ea1.jpg,a
unknown.4167c843.jpg,unknown
n.9196fce0.jpg,n
unknown.1a785aba.jpg,unknown
unknown.a97a9ca7.jpg,unknown
i.79575f4b.jpg,i
n.aba59f69.jpg,n
o.230e3964.jpg,o
s.3cec9991.jpg,s
unknown.7f31adf3.jpg,unknown
unknown.160a4317.jpg,unknown
a.34b9fe23.jpg,a
unknown.323091fc.jpg,unknown
r.f3335bb8.jpg,r
m.94a33787.jpg,m
unknown.9fb567ef.jpg,unknown
d.2094c2fa.jpg,d
o.1808740e.jpg,o
unknown.4417be92.jpg,unknown
t.9fb9097e.jpg,t
d.e2ac0eb2.jpg,d
unknown.696ef842.jpg,unknown
h.bcf1d20f.jpg,h
z.318c7da1.jpg,z
e.cf65f4f6.jpg,e
w.c8d4dde1.jpg,w
e.67583e67.jpg,e
r.4beca7fe.jpg,r
g.45b12fc2.jpg,g
k.160c7c95.jpg,k
c.fae660bc.jpg,c
n.9646d0d0.jpg,n
o.7d5c3d21.jpg,o
c.38aaf64a.jpg,c
o.4fe9453f.jpg,o
s.84660dde.jpg,s
unknown.ab909acc.jpg,unknown
e.553fe044.jpg,e
h.730234ce.jpg,h
s.a4394215.jpg,s
e.991d0772.jpg,e
m.f74096ab.jpg,m
l.0cde36ad.jpg,l
o.1b43cb46.jpg,o
o.615d75e0.jpg,o
o.d5e8d341.jpg,o
d.c242b962.jpg,d
s.717559bd.jpg,s
t.e2ed0c6c.jpg,t
i.b679237d.jpg,i
i.d2ae264f.jpg,i
unknown.36ef93a9.jpg,unknown
a.e78489b3.jpg,a
e.ef50c131.jpg,e
t.32188dc7.jpg,t
unknown.3e4f7527.jpg,unknown
s.f8a317ba.jpg,s
o.843c3516.jpg,o
c.1aeaf84a.jpg,c
h.1a3f1d3d.jpg,h
unknown.28057192.jpg,unknown
n.dadf5adb.jpg,n
v.1acfcd2f.jpg,v
unknown.b1700f51.jpg,unknown
i.87d3a631.jpg,i
e.6acfe331.jpg,e
g.6bd9a747.jpg,g
h.58b57e74.jpg,h
i.c82eae04.jpg,i
a.86994a7e.jpg,a
l.da469d57.jpg,l
l.9163c091.jpg,l
unknown.500de5bc.jpg,unknown
e.3993c742.jpg,e
e.4e9015c3.jpg,e
s.f23af620.jpg,s
s.a41b821e.jpg,s
e.ade96741.jpg,e
o.67d33d9a.jpg,o
o.9b250dea.jpg,o
unknown.8306430c.jpg,unknown
d.fac6eb42.jpg,d
unknown.20baf46a.jpg,unknown
i.4964ab50.jpg,i
b.af0f3f20.jpg,b
unknown.267d78c1.jpg,unknown
r.d063a805.jpg,r
t.35ed9db7.jpg,t
e.e8aca945.jpg,e
c.0282b042.jpg,c
unknown.d3b807d3.jpg,unknown
e.e8f2a388.jpg,e
s.edf64b74.jpg,s
l.f1e504a5.jpg,l
unknown.015f6fae.jpg,unknown
f.f668ca64.jpg,f
r.4cf5e25e.jpg,r
g.ef947632.jpg,g
k.6e8acc15.jpg,k
e.766b9de0.jpg,e
r.ace26789.jpg,r
c.aeca30af.jpg,c
q.8df31bbc.jpg,q
k.2e00723b.jpg,k
i.8eb79dcc.jpg,i
unknown.5b65c01f.jpg,unknown
c.9d8843fb.jpg,c
i.b3a2d3a5.jpg,i
h.046ddba6.jpg,h
e.5ac5fbfe.jpg,e
s.fb0df2a6.jpg,s
h.fc2056b5.jpg,h
a.c1077a41.jpg,a
o.1f796f99.jpg,o
n.f781d0fe.jpg,n
v.18da9a82.jpg,v
e.a6f6644d.jpg,e
t.49dafe42.jpg,t
d.10ceaac5.jpg,d
g.5dc012dc.jpg,g
s.127ae549.jpg,s
unknown.18581608.jpg,unknown
g.85a00fcb.jpg,g
h.66559bcf.jpg,h
m.d9bb99bf.jpg,m
c.aae54c1c.jpg,c
i.b4ade472.jpg,i
t.f1b1f5b3.jpg,t
l.2c3fac9f.jpg,l
t.8c6c2868.jpg,t
o.7c11534d.jpg,o
z.0498e991.jpg,z
l.cab25e02.jpg,l
m.28fdcae1.jpg,m
i.0b8f7ae3.jpg,i
x.afeaad70.jpg,x
k.a6b75a43.jpg,k
i.fd1b2de5.jpg,i
y.d8a52837.jpg,y
k.85b54b51.jpg,k
z.d3aab6b6.jpg,z
e.4b490846.jpg,e
d.d48e667c.jpg,d
q.c864192e.jpg,q
e.024bb458.jpg,e
d.f60aed47.jpg,d
s.60a3d5dd.jpg,s
unknown.30e8004f.jpg,unknown
unknown.7bb825ab.jpg,unknown
g.69e55360.jpg,g
o.bc142da9.jpg,o
d.95f9eb0a.jpg,d
a.3a0383cd.jpg,a
n.0fdbabde.jpg,n
r.51807bac.jpg,r
m.79678a76.jpg,m
f.b4dff4cc.jpg,f
l.bd803f09.jpg,l
i.78a205fd.jpg,i
e.8906f15d.jpg,e
e.4aab8981.jpg,e
unknown.7b76438d.jpg,unknown
d.225fd6e5.jpg,d
g.85c131f8.jpg,g
x.c8f18c10.jpg,x
e.4e6a59e3.jpg,e
i.741067ad.jpg,i
r.5907de89.jpg,r
w.f341d433.jpg,w
n.0cf8087d.jpg,n
g.926f53d8.jpg,g
m.bb3a0480.jpg,m
a.cd50c372.jpg,a
z.139ecff2.jpg,z
i.be809733.jpg,i
a.201a6e64.jpg,a
s.20349525.jpg,s
y.bb6de063.jpg,y
m.a60c67ad.jpg,m
t.757e6245.jpg,t
p.cc7f2b3f.jpg,p
z.e2a0dc14.jpg,z
r.57a8b8f1.jpg,r
k.e8b4797a.jpg,k
unknown.b30e8346.jpg,unknown
a.e9692d2c.jpg,a
f.45309b30.jpg,f
n.e4fbb0aa.jpg,n
t.79431313.jpg,t
n.5ad4672f.jpg,n
d.aedcc15a.jpg,d
q.3218d3e1.jpg,q
unknown.7a374eb1.jpg,unknown
i.85b098b9.jpg,i
f.d23ffb38.jpg,f
s.af572d81.jpg,s
t.6a336317.jpg,t
f.67acde81.jpg,f
e.23aaf795.jpg,e
k.011386a9.jpg,k
p.74f3d2a6.jpg,p
r.7effc930.jpg,r
e.14257c40.jpg,e
s.9ef2e2d7.jpg,s
s.a193fe3e.jpg,s
c.4104b49f.jpg,c
e.d97f6abd.jpg,e
o.d98ec5df.jpg,o
x.5700bc07.jpg,x
e.b4ba352d.jpg,e
i.7dae3f2f.jpg,i
n.25629b82.jpg,n
g.febd7d1d.jpg,g
a.2ae712bd.jpg,a
k.523f2814.jpg,k
m.3f20fe5f.jpg,m
d.73e35395.jpg,d
z.fa4adbae.jpg,z
p.4df8ee3e.jpg,p
y.d1b2231e.jpg,y
t.8f8da3a0.jpg,t
h.7561a562.jpg,h
e.ca657561.jpg,e
s.1344bde8.jpg,s
x.e9384184.jpg,x
e.c32e2d58.jpg,e
z.13603395.jpg,z
g.c6a4906c.jpg,g
n.18036e8d.jpg,n
a.b7f20582.jpg,a
g.db7d8de1.jpg,g
v.0a6b738e.jpg,v
n.10dcfb85.jpg,n
l.c697dd3b.jpg,l
w.473051eb.jpg,w
d.6efb9c43.jpg,d
i.f9b4fb6a.jpg,i
e.751a4851.jpg,e
n.29b8b8e4.jpg,n
i.c79c6ab4.jpg,i
unknown.01150bde.jpg,unknown
unknown.5ddbebda.jpg,unknown
unknown.9708585f.jpg,unknown
y.2f2f8c73.jpg,y
l.e557ee8e.jpg,l
k.b729cedd.jpg,k
i.bf7599e2.jpg,i
k.6d812041.jpg,k
q.3c292766.jpg,q
c.fc7b4ad5.jpg,c
unknown.a3e2c86a.jpg,unknown
i.6404935d.jpg,i
unknown.c72d4611.jpg,unknown
unknown.2bf7ea0f.jpg,unknown
c.55636626.jpg,c
t.fb050e04.jpg,t
h.a0116818.jpg,h
m.d720c892.jpg,m
b.8c7945f1.jpg,b
t.95ad5e78.jpg,t
k.fb12e8e1.jpg,k
a.3b8d7392.jpg,a
b.078cab5e.jpg,b
l.d28d02e0.jpg,l
l.0701df77.jpg,l
h.b0798d63.jpg,h
k.7cbf8af3.jpg,k
t.0eda459a.jpg,t
l.fcb81c42.jpg,l
unknown.7f28f6c6.jpg,unknown
a.c1871589.jpg,a
h.d0040064.jpg,h
s.b2bfa74d.jpg,s
d.a476ae06.jpg,d
m.8640b68f.jpg,m
c.e480cf1f.jpg,c
g.607da3b8.jpg,g
h.565905fc.jpg,h
a.200860b9.jpg,a
n.3ab58170.jpg,n
i.c8440aab.jpg,i
e.6324ed12.jpg,e
n.03f9dc3f.jpg,n
unknown.236b525b.jpg,unknown
f.89a8a0b8.jpg,f
h.70c130d5.jpg,h
l.65b76b76.jpg,l
o.5f6d02db.jpg,o
m.b6b868a9.jpg,m
c.d4ea8bf8.jpg,c
e.4dd805f2.jpg,e
c.162069df.jpg,c
f.99cbd731.jpg,f
e.ae5a3a21.jpg,e
r.22b44f06.jpg,r
e.91a65446.jpg,e
v.556f03f0.jpg,v
f.baf16e3d.jpg,f
unknown.240b387c.jpg,unknown
n.7d9357ef.jpg,n
m.0b6a6928.jpg,m
i.6383b360.jpg,i
e.3e3c62cf.jpg,e
i.4c58205a.jpg,i
x.19828f3c.jpg,x
w.4c21aad8.jpg,w
l.4f1912ed.jpg,l
e.4cd43f8c.jpg,e
l.6c569231.jpg,l
a.e6997ab0.jpg,a
r.53c2e249.jpg,r
i.4c2b4073.jpg,i
h.0673e33b.jpg,h
e.87e4f77e.jpg,e
s.0b11f906.jpg,s
n.b01d968f.jpg,n
i.d240518e.jpg,i
e.e94974f1.jpg,e
x.0b12860b.jpg,x
m.6ca2bb62.jpg,m
h.daf7a1c1.jpg,h
g.5bfbaab2.jpg,g
l.63fd36e6.jpg,l
e.bc748c44.jpg,e
a.ea0cd10b.jpg,a
unknown.5c8b32f8.jpg,unknown
f.e469ad6c.jpg,f
o.fd758960.jpg,o
c.36d0f7d4.jpg,c
e.10a3defe.jpg,e
i.f16dc617.jpg,i
t.b12cea2d.jpg,t
unknown.78ad4665.jpg,unknown
n.82dae87f.jpg,n
s.8cffb2e7.jpg,s
e.bc1c2b3e.jpg,e
e.f8d344d6.jpg,e
f.77632444.jpg,f
unknown.22703197.jpg,unknown
e.92793990.jpg,e
t.cc26f253.jpg,t
d.b36a4a79.jpg,d
m.8327a9fb.jpg,m
t.1a8002d5.jpg,t
s.aa3a6f2a.jpg,s
c.d803c568.jpg,c
h.0abc1118.jpg,h
d.76caec9e.jpg,d
o.d3c47e8f.jpg,o
v.a49cee79.jpg,v
a.67ec3848.jpg,a
a.ed91c2ec.jpg,a
w.4469e370.jpg,w
k.68955e15.jpg,k
h.6e3148ad.jpg,h
n.332792ae.jpg,n
s.c92c5141.jpg,s
f.dc5a36d7.jpg,f
e.9339fc76.jpg,e
k.c1f0d76f.jpg,k
e.e28c5412.jpg,e
d.c8c11617.jpg,d
a.602d3538.jpg,a
s.7516c103.jpg,s
e.eb2228ff.jpg,e
o.746d15af.jpg,o
e.fcf06ff1.jpg,e
k.2c8233b3.jpg,k
t.ea49da19.jpg,t
i.475ea129.jpg,i
o.bef1d4d9.jpg,o
v.a42e10e9.jpg,v
s.d642b7bd.jpg,s
g.2283dfc7.jpg,g
t.c5de3919.jpg,t
s.d0ac3311.jpg,s
i.38f945d1.jpg,i
x.b5ce8096.jpg,x
d.ad438384.jpg,d
l.c4ea2a16.jpg,l
t.2024dfe1.jpg,t
i.f333b2da.jpg,i
e.119a9bd6.jpg,e
unknown.82306449.jpg,unknown
a.fa789b12.jpg,a
t.3f9bfd7a.jpg,t
l.3a5bb62f.jpg,l
e.7934b54d.jpg,e
n.1d39a944.jpg,n
t.89278bb2.jpg,t
unknown.59b52048.jpg,unknown
d.900b1df5.jpg,d
unknown.2c9a98e6.jpg,unknown
g.d2af083c.jpg,g
i.a3dd9c1f.jpg,i
x.5ef923b8.jpg,x
n.739df594.jpg,n
o.08d527ec.jpg,o
w.37e131a8.jpg,w
b.0dbac87f.jpg,b
i.6ac46ca3.jpg,i
e.ae7b31d7.jpg,e
t.1b158ff0.jpg,t
e.2d85dd0a.jpg,e
e.addf5bea.jpg,e
a.46450286.jpg,a
d.f52d3288.jpg,d
z.b6787310.jpg,z
n.331eb286.jpg,n
i.80c3577f.jpg,i
a.bf6d97ee.jpg,a
i.600f5a3c.jpg,i
s.2a957a08.jpg,s
r.125be232.jpg,r
n.1bf51dbc.jpg,n
w.668e27a9.jpg,w
g.6b7f6959.jpg,g
a.924ef112.jpg,a
t.faddd041.jpg,t
e.bd9954ba.jpg,e
h.6b2ed219.jpg,h
t.09cd4e90.jpg,t
h.95f75620.jpg,h
i.cb5583ff.jpg,i
i.aecfc3f4.jpg,i
f.4624ef3b.jpg,f
l.a70e1a8f.jpg,l
k.3534d2f2.jpg,k
g.e16df4aa.jpg,g
h.f8c10ad9.jpg,h
t.ce003fc6.jpg,t
n.f1d947a2.jpg,n
i.be391ad0.jpg,i
c.c150000b.jpg,c
g.bee5dc5e.jpg,g
t.0e77a044.jpg,t
c.780d8f28.jpg,c
i.676e026e.jpg,i
i.ba29ed71.jpg,i
a.bc65338a.jpg,a
a.8c6de915.jpg,a
n.38463920.jpg,n
i.6f1274c4.jpg,i
unknown.bbd32a1a.jpg,unknown
s.f05c494f.jpg,s
a.393e76d4.jpg,a
a.5689919a.jpg,a
n.6577e642.jpg,n
r.5b7415aa.jpg,r
j.c074e325.jpg,j
a.dfc7b2b3.jpg,a
d.a66cf306.jpg,d
o.2a4edd76.jpg,o
c.7cf4b059.jpg,c
i.dd18b761.jpg,i
w.85b622e2.jpg,w
v.5c53e6d5.jpg,v
o.8ca3d629.jpg,o
t.283f13a9.jpg,t
k.cc696cf8.jpg,k
e.3677eb13.jpg,e
p.c2213e58.jpg,p
e.aa5f06d2.jpg,e
a.ac256599.jpg,a
n.48210161.jpg,n
t.8449dfa5.jpg,t
e.1c780169.jpg,e
d.9fa6a9c0.jpg,d
d.813e67fd.jpg,d
h.87ec0dfa.jpg,h
unknown.fa23a2d8.jpg,unknown
t.0c61102a.jpg,t
g.38d20f21.jpg,g
n.d38adeb0.jpg,n
w.25dc8254.jpg,w
i.4130dc53.jpg,i
i.ee70ecd2.jpg,i
z.7cd2feb7.jpg,z
x.77900721.jpg,x
o.e8cb3462.jpg,o
b.0042f94a.jpg,b
h.f9c918ae.jpg,h
d.bb14b6ba.jpg,d
z.c8fad75a.jpg,z
o.9119794a.jpg,o
e.077041d3.jpg,e
v.cae4577f.jpg,v
n.e4110efd.jpg,n
l.8c4c3d3c.jpg,l
c.aae8d44d.jpg,c
k.d11fabe0.jpg,k
z.07709973.jpg,z
v.2176519f.jpg,v
r.4b38fb78.jpg,r
n.030f8565.jpg,n
n.7d5ebe4e.jpg,n
e.88c475ae.jpg,e
r.a7fd4fcc.jpg,r
o.6c5b6a4c.jpg,o
s.8619196c.jpg,s
c.edbfc256.jpg,c
s.36d1440b.jpg,s
m.e84e521b.jpg,m
s.436ee43e.jpg,s
e.2ce8a716.jpg,e
f.d2cf5fb2.jpg,f
r.486c4a57.jpg,r
r.d9ac54bb.jpg,r
a.13a70f3c.jpg,a
t.fa4084e8.jpg,t
n.953a637e.jpg,n
o.09aeedd7.jpg,o
t.d55c9c57.jpg,t
k.29868f13.jpg,k
h.daac8c4e.jpg,h
unknown.e7d7c766.jpg,unknown
i.c34d81b0.jpg,i
t.6d0eb5c3.jpg,t
t.729d9e39.jpg,t
d.edef2e1d.jpg,d
e.c27f201a.jpg,e
o.0f928f9a.jpg,o
t.b09f1f57.jpg,t
v.7f238d8f.jpg,v
e.e0b49c0f.jpg,e
e.13e520b7.jpg,e
e.51b2ed1d.jpg,e
a.d910b6b9.jpg,a
t.fce15775.jpg,t
s.d589f425.jpg,s
unknown.f487cb9e.jpg,unknown
n.bb26a6bb.jpg,n
h.d08bbfda.jpg,h
b.a706aba9.jpg,b
r.c8da40a7.jpg,r
r.27338552.jpg,r
x.38191f36.jpg,x
e.3d11662f.jpg,e
g.b69f774e.jpg,g
d.24e82f6b.jpg,d
e.47c07dbf.jpg,e
g.4435fdf6.jpg,g
e.3ff196a2.jpg,e
w.48fe708d.jpg,w
i.729069d5.jpg,i
n.a97c5996.jpg,n
z.817cadf1.jpg,z
m.93f207c9.jpg,m
i.79ec9d3d.jpg,i
r.56ccfca4.jpg,r
a.8cb6b1e6.jpg,a
n.e6cbb0db.jpg,n
y.fefff857.jpg,y
a.f6bcb517.jpg,a
t.660b4c49.jpg,t
d.f4fe55ad.jpg,d
s.42869820.jpg,s
p.191b5e67.jpg,p
k.55b68327.jpg,k
m.f0230b00.jpg,m
r.643e9c76.jpg,r
g.59f2cac9.jpg,g
o.da49beab.jpg,o
k.22acabe9.jpg,k
y.15473e1e.jpg,y
f.e90696bd.jpg,f
a.4e620abf.jpg,a
r.c9e79e04.jpg,r
k.a5af2cda.jpg,k
unknown.e09372ec.jpg,unknown
o.a65ab821.jpg,o
s.94246b8c.jpg,s
b.57b40e79.jpg,b
r.da8d13eb.jpg,r
l.e11e9f2b.jpg,l
a.61149498.jpg,a
z.2eae8b83.jpg,z
a.71fed009.jpg,a
g.4637476f.jpg,g
o.e7400a99.jpg,o
j.23f84c7a.jpg,j
n.717f8102.jpg,n
n.05263b23.jpg,n
e.8ae2e013.jpg,e
g.d820ae2c.jpg,g
l.e46ee919.jpg,l
k.fb6b0347.jpg,k
c.90fa7897.jpg,c
i.8dc89cdb.jpg,i
k.50f01621.jpg,k
b.5d96d3ed.jpg,b
n.e792f878.jpg,n
o.ebc77766.jpg,o
r.29457ea1.jpg,r
w.53fef6fa.jpg,w
b.b6fd6792.jpg,b
e.6c37fae1.jpg,e
m.c5845586.jpg,m
w.e9262b65.jpg,w
n.58c67b9c.jpg,n
r.0870d971.jpg,r
l.68e8137a.jpg,l
s.0fbc79ed.jpg,s
d.282732a3.jpg,d
r.93b6cc00.jpg,r
a.787c096f.jpg,a
a.7fd74842.jpg,a
g.29261f16.jpg,g
j.978872d2.jpg,j
g.9eabd59d.jpg,g
o.ec4c411c.jpg,o
o.5f2338b5.jpg,o
i.07346d45.jpg,i
i.2255bb05.jpg,i
w.627c6034.jpg,w
a.802fc0ef.jpg,a
z.87a4b08f.jpg,z
b.aa54b3b5.jpg,b
a.2c5b800b.jpg,a
r.954b7555.jpg,r
unknown.a6dba776.jpg,unknown
unknown.a375b56a.jpg,unknown
unknown.92dd9a63.jpg,unknown
q.03881739.jpg,q
a.290fab04.jpg,a
k.d7c8aeaf.jpg,k
i.6320529b.jpg,i
y.e490fa1b.jpg,y
i.abe0376f.jpg,i
w.c07972fe.jpg,w
z.74caef3a.jpg,z
a.c21f0eef.jpg,a
n.7d097aa1.jpg,n
t.b0fa2e3e.jpg,t
r.027150f0.jpg,r
d.2542355e.jpg,d
g.341dcfae.jpg,g
n.ccc5558e.jpg,n
unknown.11a53cb6.jpg,unknown
x.ef909fdb.jpg,x
z.3bc2cd3d.jpg,z
q.3b303d57.jpg,q
t.c1dde5f9.jpg,t
k.e6adf830.jpg,k
h.870c36d3.jpg,h
s.871dae32.jpg,s
a.cd26ca71.jpg,a
i.ef49f34e.jpg,i
h.104e0b3f.jpg,h
i.7d05f25d.jpg,i
w.f98ea817.jpg,w
l.f79969fc.jpg,l
t.36d4c520.jpg,t
n.a5589d62.jpg,n
t.79d14743.jpg,t
e.1b2fb718.jpg,e
y.ea35190f.jpg,y
d.857b1e4b.jpg,d
a.001cc5a2.jpg,a
e.ed5239a7.jpg,e
e.86629f0c.jpg,e
e.3615aad0.jpg,e
e.ace420cc.jpg,e
e.06bb6fd9.jpg,e
v.dd9c3dcf.jpg,v
t.7c9feae9.jpg,t
s.092a581b.jpg,s
r.f9813688.jpg,r
s.8abb206d.jpg,s
g.75bff4b6.jpg,g
n.08ddad13.jpg,n
o.4ad92f86.jpg,o
w.9ae3cba5.jpg,w
e.a52e58ca.jpg,e
h.b85b15c2.jpg,h
s.67346ae8.jpg,s
x.b667b510.jpg,x
r.31c48b6d.jpg,r
e.c44d9601.jpg,e
t.7d769a0f.jpg,t
l.d0e7363c.jpg,l
d.40da4f9a.jpg,d
e.68882b20.jpg,e
h.22a536e4.jpg,h
n.2432758f.jpg,n
p.b6fc7b58.jpg,p
a.56a40484.jpg,a
k.d373bcb4.jpg,k
e.50237a68.jpg,e
e.bd68584c.jpg,e
r.e6ad6b18.jpg,r
h.9e1eecba.jpg,h
l.886f89b5.jpg,l
a.f221312b.jpg,a
p.9853dfdf.jpg,p
e.f9855376.jpg,e
n.e3c94568.jpg,n
e.a6a33954.jpg,e
z.8c796007.jpg,z
t.aa5c7406.jpg,t
i.984f19dc.jpg,i
p.9816ec4b.jpg,p
y.9d6dc69c.jpg,y
s.31b58474.jpg,s
m.5e95af6e.jpg,m
o.a738ed83.jpg,o
o.fdf778a4.jpg,o
p.1bd556a1.jpg,p
d.d228946d.jpg,d
r.af92408e.jpg,r
f.bb26e5a1.jpg,f
r.207be0d5.jpg,r
g.513fec38.jpg,g
o.5e5ae9d0.jpg,o
f.925f265f.jpg,f
m.e82ceb29.jpg,m
y.64497572.jpg,y
k.47f238b5.jpg,k
y.30f7a9d2.jpg,y
j.4134df1a.jpg,j
z.0d8c0eba.jpg,z
h.147145c8.jpg,h
w.6de5e88e.jpg,w
o.c46d66e2.jpg,o
e.737880c3.jpg,e
n.6a6e7fa6.jpg,n
i.7731995a.jpg,i
h.9f96ca48.jpg,h
l.266353fe.jpg,l
f.9f28fdc1.jpg,f
unknown.f127cb6f.jpg,unknown
v.4c74c161.jpg,v
unknown.0352dfe5.jpg,unknown
e.1fa25b2a.jpg,e
a.ccbca44e.jpg,a
g.4a6914a9.jpg,g
n.66d4f690.jpg,n
m.e9818612.jpg,m
l.ce132258.jpg,l
a.8a0b8b37.jpg,a
o.a86a598d.jpg,o
t.d1fe607e.jpg,t
g.723577a8.jpg,g
m.c4f8291e.jpg,m
n.538076fe.jpg,n
e.793f4444.jpg,e
n.447b744a.jpg,n
o.14308310.jpg,o
l.37c6b5f5.jpg,l
e.3416882e.jpg,e
d.553fb15e.jpg,d
i.70a9bd5e.jpg,i
o.e076b08b.jpg,o
d.0e6aab87.jpg,d
a.3bc7f5ff.jpg,a
o.5999b41e.jpg,o
z.9845975d.jpg,z
d.46105342.jpg,d
a.b6ef23b0.jpg,a
l.17227fd2.jpg,l
r.4a98c169.jpg,r
e.4f53f050.jpg,e
unknown.ddd3625d.jpg,unknown
unknown.fabadf55.jpg,unknown
o.7876172e.jpg,o
i.9df3cf74.jpg,i
f.a2064ed0.jpg,f
a.bc172e6b.jpg,a
n.6f15b37d.jpg,n
i.6f3329f1.jpg,i
r.5b08e956.jpg,r
s.172e856b.jpg,s
d.6b559852.jpg,d
e.2285499b.jpg,e
a.3398bf5e.jpg,a
l.dc0f49a3.jpg,l
e.041deb1d.jpg,e
g.6c6ece29.jpg,g
h.d6b6418d.jpg,h
i.07e7d06a.jpg,i
n.ec48bc5e.jpg,n
t.2242dca0.jpg,t
c.3e2fe231.jpg,c
e.0d71d44a.jpg,e
f.6f02f632.jpg,f
t.548655d5.jpg,t
unknown.fcb52a9c.jpg,unknown
k.bf86e282.jpg,k
m.026f0bd4.jpg,m
i.a314df02.jpg,i
k.cf1c31f9.jpg,k
y.36e181fe.jpg,y
x.60502303.jpg,x
l.2355b4be.jpg,l
i.748d1016.jpg,i
s.60c7465d.jpg,s
q.bb442990.jpg,q
z.c93e5702.jpg,z
e.d6d63b24.jpg,e
c.66a5297c.jpg,c
z.395ad057.jpg,z
d.014435a2.jpg,d
e.fb559e45.jpg,e
r.439c3cbf.jpg,r
i.c5d2c063.jpg,i
unknown.7d2530d4.jpg,unknown
unknown.74880d48.jpg,unknown
v.67627be1.jpg,v
e.2007509d.jpg,e
h.1f5c25c4.jpg,h
i.23db967d.jpg,i
t.67e44984.jpg,t
f.36deb4e1.jpg,f
e.aada05aa.jpg,e
g.98f73e31.jpg,g
k.2fc8dbef.jpg,k
n.bc058c78.jpg,n
r.1da18624.jpg,r
o.0db1b686.jpg,o
a.82f2b98e.jpg,a
r.cb82f9dc.jpg,r
f.eb7bf215.jpg,f
v.9fbf2863.jpg,v
d.3004ff13.jpg,d
o.5617a39f.jpg,o
a.61b3da4c.jpg,a
l.fc42ef22.jpg,l
e.501e3a36.jpg,e
d.aff1b126.jpg,d
e.cc8c6b7f.jpg,e
t.df087d60.jpg,t
e.78b1bc96.jpg,e
unknown.e4728bc5.jpg,unknown
d.0f03b38c.jpg,d
unknown.cf373e8b.jpg,unknown
i.f14221f1.jpg,i
n.af92cf8a.jpg,n
s.995556da.jpg,s
b.5ee8f797.jpg,b
unknown.01c3c5b8.jpg,unknown
unknown.caa1f568.jpg,unknown
e.b9a52f34.jpg,e
r.058a146d.jpg,r
m.59a8087d.jpg,m
n.55942f68.jpg,n
f.f2e93447.jpg,f
o.a4290003.jpg,o
n.f05130cf.jpg,n
o.750f17e1.jpg,o
g.947a65ee.jpg,g
c.7f3e16b9.jpg,c
l.d945dbd1.jpg,l
o.2b65739d.jpg,o
n.d7f423e5.jpg,n
k.77624231.jpg,k
a.4132e560.jpg,a
i.c8b8f3dd.jpg,i
unknown.d8f85f7b.jpg,unknown
unknown.f84bbc9c.jpg,unknown
q.b5597b71.jpg,q
r.d6657844.jpg,r
unknown.5c56508d.jpg,unknown
unknown.43142418.jpg,unknown
unknown.f4a24170.jpg,unknown
unknown.2d3f8c31.jpg,unknown
unknown.247034e9.jpg,unknown
d.80901bcd.jpg,d
f.f7ea1951.jpg,f
o.c1c36c4a.jpg,o
r.2fb6d9c0.jpg,r
c.abfb3957.jpg,c
e.3dc9041b.jpg,e
l.b8f98faf.jpg,l
e.bd2eecd8.jpg,e
h.f6c78919.jpg,h
e.c3f76294.jpg,e
t.30a5c64a.jpg,t
h.14d4aa2a.jpg,h
o.3cb14362.jpg,o
o.d28aa4b5.jpg,o
o.0ce09f69.jpg,o
h.99a2014c.jpg,h
s.474f1d5c.jpg,s
e.01744aab.jpg,e
i.2eb101b6.jpg,i
h.c039da97.jpg,h
s.f858dd9f.jpg,s
k.377c7c85.jpg,k
r.a3fedf00.jpg,r
t.f059fb55.jpg,t
g.a88ac8a3.jpg,g
k.f88165bb.jpg,k
a.58c57d4e.jpg,a
s.984946d1.jpg,s
t.50ab4064.jpg,t
h.29e97086.jpg,h
e.e63387d9.jpg,e
y.47ac4913.jpg,y
o.dc7f8941.jpg,o
t.daaa95c9.jpg,t
h.0a1c1d5c.jpg,h
t.d634f889.jpg,t
h.e8e17ddd.jpg,h
d.0c238919.jpg,d
e.ba2a2cf0.jpg,e
g.4e78f58b.jpg,g
r.55fc455d.jpg,r
l.1d662c23.jpg,l
l.88f45b07.jpg,l
f.050f3120.jpg,f
f.eaa63ff1.jpg,f
i.cf3d583d.jpg,i
o.0a6ac145.jpg,o
n.67214e0c.jpg,n
o.bd869211.jpg,o
v.e8203e80.jpg,v
k.cd555fd3.jpg,k
i.a93d441d.jpg,i
n.1068498c.jpg,n
unknown.42f71d42.jpg,unknown
k.788cb23b.jpg,k
n.80b3cb7f.jpg,n
a.13a8f65f.jpg,a
e.18317ef7.jpg,e
o.8ae3e049.jpg,o
a.abea78ed.jpg,a
a.496ab689.jpg,a
d.2c54dfbb.jpg,d
l.7a64b15f.jpg,l
o.2b62d641.jpg,o
r.06715e32.jpg,r
i.2e243869.jpg,i
i.b8d655b5.jpg,i
i.90bf06a1.jpg,i
m.d4fef22a.jpg,m
unknown.8fffe1d8.jpg,unknown
p.e690d9be.jpg,p
h.c07be080.jpg,h
w.97cc6e95.jpg,w
i.6236e47b.jpg,i
t.01f5f9ef.jpg,t
j.46cc95c9.jpg,j
f.9efe1509.jpg,f
unknown.01aac8da.jpg,unknown
a.a021b05e.jpg,a
e.37b5bc56.jpg,e
o.9d295580.jpg,o
o.69774186.jpg,o
p.85a7e087.jpg,p
e.8c356231.jpg,e
d.0d5f711b.jpg,d
r.4471838d.jpg,r
e.165d6a7e.jpg,e
l.b05c0431.jpg,l
e.bfc3e3a2.jpg,e
c.83b55691.jpg,c
a.57964128.jpg,a
w.7a9123f3.jpg,w
f.747c45b5.jpg,f
t.8cc38278.jpg,t
h.3d66447a.jpg,h
n.7d44ffbd.jpg,n
t.96a1d2ec.jpg,t
r.eecce604.jpg,r
unknown.8cde9ea2.jpg,unknown
unknown.cc183293.jpg,unknown
unknown.d60e5a5e.jpg,unknown
t.c6b84e9f.jpg,t
q.593b014c.jpg,q
s.2913fba7.jpg,s
k.aec7ee60.jpg,k
a.102bf106.jpg,a
h.b935325c.jpg,h
h.80cd02f2.jpg,h
i.4567b414.jpg,i
l.25bfb95d.jpg,l
i.ad8413ca.jpg,i
n.4539f659.jpg,n
w.d92f55f4.jpg,w
t.4a9fd089.jpg,t
e.b1b823b9.jpg,e
t.5bf9e84c.jpg,t
y.41fbc414.jpg,y
n.e137e60b.jpg,n
s.220cff48.jpg,s
g.163d15cb.jpg,g
o.48943366.jpg,o
z.dc5e07b2.jpg,z
a.91a4f911.jpg,a
n.19695953.jpg,n
g.3f8bb1cf.jpg,g
k.a1964347.jpg,k
g.79280f6c.jpg,g
o.76787d94.jpg,o
j.86ec71b0.jpg,j
l.41db99cd.jpg,l
r.005fedc8.jpg,r
o.cb1ee7e2.jpg,o
e.dbff419e.jpg,e
d.a286510a.jpg,d
e.faf9db5b.jpg,e
n.34f30bc7.jpg,n
d.dce25e56.jpg,d
p.ec256a30.jpg,p
i.77af7431.jpg,i
unknown.f78c9951.jpg,unknown
unknown.04eea798.jpg,unknown
unknown.22f1a508.jpg,unknown
unknown.8c94c6cf.jpg,unknown
l.85a9ed20.jpg,l
m.b1a6e89d.jpg,m
i.cbfc04d6.jpg,i
e.531971e7.jpg,e
m.3218f01d.jpg,m
o.5c8ce862.jpg,o
n.0037e632.jpg,n
g.6ca120d1.jpg,g
e.a0abf025.jpg,e
v.a7750886.jpg,v
n.46c1dbd4.jpg,n
a.4e93d337.jpg,a
g.4a0ba344.jpg,g
r.6cb7a74d.jpg,r
n.4cf9ad28.jpg,n
unknown.1ebb84d5.jpg,unknown
b.8bcff8e2.jpg,b
i.9993425c.jpg,i
unknown.f21848eb.jpg,unknown
unknown.2ada1ac7.jpg,unknown
r.c5adfacb.jpg,r
e.ea23505e.jpg,e
a.9660ee63.jpg,a
a.20792698.jpg,a
s.8eadf272.jpg,s
l.4d3e3cc2.jpg,l
d.70f44d29.jpg,d
z.38d5545a.jpg,z
d.22cc0e6d.jpg,d
n.e31bbd40.jpg,n
z.ebb21962.jpg,z
f.ea784e1d.jpg,f
t.ccd4d9c9.jpg,t
k.6d789e5e.jpg,k
e.7548bc7d.jpg,e
i.6ab9bd50.jpg,i
o.74572563.jpg,o
w.315264db.jpg,w
z.6567a2ac.jpg,z
r.b8867f4b.jpg,r
r.f21097d7.jpg,r
n.8b547633.jpg,n
p.14dc8716.jpg,p
f.fd4f51e3.jpg,f
k.e57a9999.jpg,k
d.9f9d5518.jpg,d
a.dfed6a05.jpg,a
t.4ef855a1.jpg,t
t.e2401847.jpg,t
o.c9b723d2.jpg,o
i.d7af8105.jpg,i
h.f3e27e17.jpg,h
n.9e853a1e.jpg,n
s.4502e44f.jpg,s
t.c14d0912.jpg,t
h.0001d6fc.jpg,h
a.3623590b.jpg,a
e.0243de4d.jpg,e
n.507c8b99.jpg,n
l.0f6ca0f3.jpg,l
p.cbf61408.jpg,p
p.a695ec6d.jpg,p
e.f6ed9623.jpg,e
k.1f731096.jpg,k
a.a0e2215f.jpg,a
s.f6e41a1d.jpg,s
j.8c6f3e28.jpg,j
g.67038b1f.jpg,g
k.163f74cc.jpg,k
e.76468fd4.jpg,e
l.43f8347d.jpg,l
y.4acaece9.jpg,y
v.405db6af.jpg,v
e.d2fd6dd5.jpg,e
l.8ee916dc.jpg,l
l.29141211.jpg,l
e.a5237d55.jpg,e
g.06dbced2.jpg,g
i.350597b5.jpg,i
i.d6011694.jpg,i
n.e8f1120c.jpg,n
x.76d9cac0.jpg,x
o.ba80be4a.jpg,o
c.ca820343.jpg,c
z.dbdfd8fd.jpg,z
e.b2352410.jpg,e
r.17984cce.jpg,r
i.9557337f.jpg,i
r.2da85c80.jpg,r
f.250a366d.jpg,f
x.884c7341.jpg,x
s.f2a1104a.jpg,s
o.d0e7518d.jpg,o
m.1fb8773b.jpg,m
j.feace9b0.jpg,j
k.74d0d77d.jpg,k
a.efa5b8eb.jpg,a
p.c9a09c99.jpg,p
t.9b700e6d.jpg,t
o.be3eda73.jpg,o
n.27733fc2.jpg,n
t.a2955fbd.jpg,t
i.fcf4909f.jpg,i
z.5a4de5e0.jpg,z
h.93a796c8.jpg,h
s.b554056d.jpg,s
g.36f8f478.jpg,g
e.afbc0764.jpg,e
o.6cf53b48.jpg,o
n.9c7273e7.jpg,n
i.f787d8e0.jpg,i
t.5b0fa7f9.jpg,t
l.a33fcc7b.jpg,l
t.bae87618.jpg,t
d.4414721f.jpg,d
i.b640eed7.jpg,i
o.bccc7aac.jpg,o
z.30b48af2.jpg,z
a.938acd4a.jpg,a
f.d656255c.jpg,f
b.f2ac08f7.jpg,b
o.e0bfcac8.jpg,o
e.bd228124.jpg,e
f.85b68ecb.jpg,f
n.886232b1.jpg,n
f.49e5c2ea.jpg,f
s.b2a9e876.jpg,s
r.43ad6ed8.jpg,r
m.088e5991.jpg,m
n.b78eaf28.jpg,n
f.591fad71.jpg,f
o.787cf570.jpg,o
e.01935d3e.jpg,e
r.ece2f4d3.jpg,r
unknown.e8cf3463.jpg,unknown
d.02a18a0d.jpg,d
h.a2ac24b4.jpg,h
unknown.f6406233.jpg,unknown
t.328a2cda.jpg,t
a.3a5bfec3.jpg,a
s.fe005519.jpg,s
n.fb9ae6f9.jpg,n
e.2a4f3e31.jpg,e
y.e70758f3.jpg,y
i.f1ac2907.jpg,i
n.2d9410ce.jpg,n
o.0bda36ca.jpg,o
s.10cd6fd1.jpg,s
z.99f583ff.jpg,z
w.731e90b6.jpg,w
a.d3f94d6d.jpg,a
d.7aa98d75.jpg,d
r.8ecd80ae.jpg,r
m.c1cc31ce.jpg,m
g.7a7a18be.jpg,g
d.2f4c043e.jpg,d
o.546eec62.jpg,o
s.af4b1287.jpg,s
t.20c766ae.jpg,t
d.82bf679a.jpg,d
o.ec469daa.jpg,o
h.6a877ccd.jpg,h
z.af1e1495.jpg,z
e.51b26951.jpg,e
w.3ed69892.jpg,w
e.9b41d69f.jpg,e
r.facf5897.jpg,r
g.63b80270.jpg,g
k.7f3cde49.jpg,k
c.5af5ab97.jpg,c
n.618f6c65.jpg,n
o.0f8beca8.jpg,o
c.6a174cf0.jpg,c
o.7bf3b55f.jpg,o
s.69be522f.jpg,s
e.6056a925.jpg,e
e.92eda9d1.jpg,e
h.74354034.jpg,h
s.c5a2a1ed.jpg,s
e.0cd489ff.jpg,e
m.6b4bb6b0.jpg,m
l.a6706574.jpg,l
o.9fcccd49.jpg,o
o.fdd6a5f5.jpg,o
o.29b00e3f.jpg,o
d.8d350334.jpg,d
s.e22dcb04.jpg,s
t.a4ddb881.jpg,t
i.a0aff7ac.jpg,i
f.93ccd7fa.jpg,f
o.b339e62a.jpg,o
a.7df4288d.jpg,a
e.ce585121.jpg,e
t.c785f8ab.jpg,t
e.e7021507.jpg,e
s.b2c2bb4d.jpg,s
o.777282ac.jpg,o
c.070f5c01.jpg,c
h.bbd7de87.jpg,h
i.c489d088.jpg,i
n.3bc1e8f3.jpg,n
v.effa93ce.jpg,v
n.5faf4cc3.jpg,n
i.703d758e.jpg,i
e.8d216b81.jpg,e
g.f474d9b7.jpg,g
h.cf957226.jpg,h
i.be0c3dbd.jpg,i
a.40058f56.jpg,a
l.4e0bf31d.jpg,l
l.c27736b6.jpg,l
h.0f9b2ec1.jpg,h
e.0545316f.jpg,e
e.a2259a49.jpg,e
s.24867bd5.jpg,s
s.33e0fb7d.jpg,s
e.cc8f7b71.jpg,e
o.1ee661ea.jpg,o
o.0477697d.jpg,o
f.e379c3a2.jpg,f
d.0e47fb90.jpg,d
unknown.519e435c.jpg,unknown
i.2b5742c0.jpg,i
b.3abcaae8.jpg,b
unknown.2d51c95e.jpg,unknown
r.b6c5bca4.jpg,r
t.cfb8ebc5.jpg,t
e.407f6a72.jpg,e
c.7cf0aba8.jpg,c
unknown.cf917c8f.jpg,unknown
e.5c6d0bbc.jpg,e
s.e99a169f.jpg,s
l.bddb1793.jpg,l
n.e7d16ce1.jpg,n
f.299c822b.jpg,f
r.f8c18612.jpg,r
g.e10eaf0f.jpg,g
k.1a8a42d4.jpg,k
e.088eea82.jpg,e
r.203c9db7.jpg,r
c.f8915d20.jpg,c
q.76a3cbf0.jpg,q
k.13b699cf.jpg,k
i.adbd2290.jpg,i
unknown.c6f0715f.jpg,unknown
c.bce67dc0.jpg,c
i.51812ec8.jpg,i
h.3ad67144.jpg,h
e.22903ca3.jpg,e
s.06a28d9e.jpg,s
h.2f39246f.jpg,h
a.caffbb12.jpg,a
o.c5c75109.jpg,o
n.9f057dc9.jpg,n
v.41824cf6.jpg,v
e.bba5bd11.jpg,e
t.8e8f3162.jpg,t
d.5e16a70d.jpg,d
g.c7cb7fcc.jpg,g
s.e2840f71.jpg,s
unknown.5871e042.jpg,unknown
g.0ffa0d2b.jpg,g
h.ffd2c872.jpg,h
m.6b6079a6.jpg,m
c.c391a4ec.jpg,c
i.1aab9862.jpg,i
t.6ea51ff4.jpg,t
l.fdcaae32.jpg,l
t.11179390.jpg,t
o.41c44d64.jpg,o
z.e917336c.jpg,z
l.d1c63caf.jpg,l
m.385c93b9.jpg,m
i.64228e50.jpg,i
x.70b41409.jpg,x
k.4e546f20.jpg,k
i.c8d712d1.jpg,i
y.ff7ebf25.jpg,y
k.d4ad2137.jpg,k
z.ea9b6e67.jpg,z
e.b65a4e50.jpg,e
d.dc3b2e66.jpg,d
q.165cd448.jpg,q
e.1c73458f.jpg,e
d.3f3d7ca2.jpg,d
s.f5927a5a.jpg,s
unknown.42e1b6ea.jpg,unknown
unknown.f85c51e7.jpg,unknown
g.28cd046f.jpg,g
o.b940b867.jpg,o
d.b997bc26.jpg,d
a.a277966f.jpg,a
n.8dc60d98.jpg,n
r.e1082df5.jpg,r
m.28f72461.jpg,m
f.5dd3d43c.jpg,f
l.7a959c34.jpg,l
i.ff30931b.jpg,i
e.b179af80.jpg,e
e.702a3d03.jpg,e
unknown.c88b3625.jpg,unknown
d.48b4b5dc.jpg,d
g.19f06e71.jpg,g
x.d8aabec6.jpg,x
e.a4d51d76.jpg,e
i.ebfeefb0.jpg,i
r.8bdacafe.jpg,r
w.0f0bbd20.jpg,w
n.a3a87216.jpg,n
g.4bd2ad40.jpg,g
m.9b6dd58f.jpg,m
a.eb46b7f7.jpg,a
z.4b37f2e0.jpg,z
i.7554a156.jpg,i
a.61d284c7.jpg,a
s.869bcc72.jpg,s
y.fb5c1f7e.jpg,y
m.6d9949cb.jpg,m
t.999bc726.jpg,t
p.aa3d7f5f.jpg,p
z.6e66106b.jpg,z
q.adf84777.jpg,q
k.8e988789.jpg,k
unknown.b8684837.jpg,unknown
a.083de269.jpg,a
f.f1b780cc.jpg,f
n.6558bc7e.jpg,n
t.71ea53df.jpg,t
n.c6d68ddc.jpg,n
d.8e0efb84.jpg,d
q.b943e81e.jpg,q
unknown.21a6ea49.jpg,unknown
i.f9f8a10f.jpg,i
f.cd72c668.jpg,f
s.4d097fce.jpg,s
t.cd8e362d.jpg,t
f.c0efa41e.jpg,f
d.3abd6bc0.jpg,d
k.5cbd6f4f.jpg,k
p.9181cb04.jpg,p
r.b206c7fd.jpg,r
e.6dc012c5.jpg,e
s.71c52ffd.jpg,s
s.571ade80.jpg,s
c.9589d573.jpg,c
e.15410298.jpg,e
o.2effe9ce.jpg,o
x.ad7cf5aa.jpg,x
e.2361a8c0.jpg,e
i.ff78a48a.jpg,i
n.60afc4d2.jpg,n
g.76b1fed7.jpg,g
a.e161dc34.jpg,a
k.4f7bca24.jpg,k
m.ce8c0bb0.jpg,m
d.d2c9bda4.jpg,d
z.24f7f003.jpg,z
p.18695391.jpg,p
y.afbbc32e.jpg,y
t.193c1412.jpg,t
h.77ff5ed6.jpg,h
e.9726babc.jpg,e
s.3f2f5f65.jpg,s
x.85abe6d9.jpg,x
e.45202ab0.jpg,e
z.4b5caebb.jpg,z
g.c48d88f1.jpg,g
n.0ec3ebd7.jpg,n
a.aea93b75.jpg,a
g.8daafc80.jpg,g
v.a525e60c.jpg,v
n.30f5e51d.jpg,n
l.2894dfa2.jpg,l
w.7ac6f7bf.jpg,w
d.ab0e5368.jpg,d
i.667c8b6b.jpg,i
e.831d6884.jpg,e
n.378acc6f.jpg,n
i.9347734c.jpg,i
unknown.c8903eb2.jpg,unknown
unknown.759be935.jpg,unknown
e.62244fa2.jpg,e
y.27fed1a0.jpg,y
l.b5d6f9ab.jpg,l
k.ce205b48.jpg,k
i.ea36fe69.jpg,i
k.4fe3fb61.jpg,k
q.e7261286.jpg,q
c.097e206e.jpg,c
unknown.4fc4276e.jpg,unknown
